channel,spend,median,lo,hi,current_spend,observed_max_spend,true,inside
TV,0.0,0.0,0.0,0.0,11479.301282051281,42127.0,0.0,True
TV,1579.7625,3935.857093273732,2055.4923463618516,6424.152160936877,11479.301282051281,42127.0,1505.4281695796487,False
TV,3159.525,7058.92142301642,4687.132875637185,9877.321096117159,11479.301282051281,42127.0,3742.020308933718,False
TV,4739.2875,9741.091768236522,7205.3368216488425,12541.4077440029,11479.301282051281,42127.0,6160.959353607176,False
TV,6319.05,12091.228224801998,9685.07472342569,14696.5625836206,11479.301282051281,42127.0,8562.375272438157,False
TV,7898.8125,14141.747425687208,11905.535213352465,16556.40965292983,11479.301282051281,42127.0,10850.498350463411,False
TV,9478.575,16007.031325930588,13907.525392537244,18191.46179294695,11479.301282051281,42127.0,12981.674689945125,False
TV,11058.3375,17661.42990541156,15697.167110496424,19655.804307213242,11479.301282051281,42127.0,14940.60928183761,False
TV,12638.1,19149.113445783507,17303.033389505363,21059.43741878623,11479.301282051281,42127.0,16727.46699348824,False
TV,14217.862500000001,20517.84996974151,18761.980726610127,22299.333514653477,11479.301282051281,42127.0,18350.500611225696,False
TV,15797.625,21759.6620572256,20110.198488892,23430.489549321068,11479.301282051281,42127.0,19821.797176645036,False
TV,17377.3875,22900.058303435282,21326.777075111284,24526.676126499915,11479.301282051281,42127.0,21154.848908792752,False
TV,18957.15,23956.081646420884,22426.593712442904,25572.197895275094,11479.301282051281,42127.0,22363.202988132114,False
TV,20536.912500000002,24937.69045138122,23381.00129722351,26557.115504584315,11479.301282051281,42127.0,23459.748389006443,True
TV,22116.675,25852.944060037462,24279.22249205173,27473.127094999338,11479.301282051281,42127.0,24456.375436329075,True
TV,23696.4375,26675.203886901832,25094.656089761782,28333.58774317451,11479.301282051281,42127.0,25363.84964070055,True
TV,25276.2,27477.783917729812,25809.079725400083,29159.936739725203,11479.301282051281,42127.0,26191.80507150033,True
TV,26855.9625,28223.578755214643,26485.124896685717,29962.66900412889,11479.301282051281,42127.0,26948.80098166541,True
TV,28435.725000000002,28914.96083648947,27081.744689839346,30705.93037208049,11479.301282051281,42127.0,27642.408621184284,True
TV,30015.4875,29547.199569907403,27631.395161997705,31418.434312826852,11479.301282051281,42127.0,28279.309179400345,True
TV,31595.25,30174.21449179566,28161.10939178513,32126.41539080804,11479.301282051281,42127.0,28865.39220678943,True
TV,33175.012500000004,30760.333838530496,28640.744856744994,32778.79065590009,11479.301282051281,42127.0,29405.84888248565,True
TV,34754.775,31283.83796857471,29088.013489757264,33437.05510675573,11479.301282051281,42127.0,29905.25744918515,True
TV,36334.5375,31791.986725561408,29531.611236188815,34068.089527680684,11479.301282051281,42127.0,30367.65984453878,True
TV,37914.3,32293.70203004567,29901.571933267627,34653.7673396611,11479.301282051281,42127.0,30796.629512996864,True
TV,39494.0625,32753.7871568041,30235.088443221786,35213.86474422378,11479.301282051281,42127.0,31195.33088643533,True
TV,41073.825000000004,33183.316979677504,30545.07789899356,35792.75216717684,11479.301282051281,42127.0,31566.571260031287,True
TV,42653.5875,33598.46399047626,30847.40245887698,36313.38093891216,11479.301282051281,42127.0,31912.845873888033,True
TV,44233.35,34001.46436462862,31147.941267438386,36833.30475580376,11479.301282051281,42127.0,32236.377008746163,True
TV,45813.1125,34374.964755374094,31422.77096674511,37349.35463965709,11479.301282051281,42127.0,32539.14785654964,True
TV,47392.875,34723.44839020175,31667.786867374274,37818.308963074174,11479.301282051281,42127.0,32822.93185783783,True
TV,48972.637500000004,35076.911133832684,31917.156602796338,38303.13385503878,11479.301282051281,42127.0,33089.31812191616,True
TV,50552.4,35414.29075511539,32170.597060622997,38749.76695080245,11479.301282051281,42127.0,33339.733470354,True
TV,52132.1625,35735.17233394949,32425.43548596148,39178.53929740807,11479.301282051281,42127.0,33575.46157367651,True
TV,53711.925,36057.4176847638,32622.93006811714,39585.28277170027,11479.301282051281,42127.0,33797.65958705637,True
TV,55291.6875,36364.62621592221,32853.80032156071,39960.766796937656,11479.301282051281,42127.0,34007.37263398499,True
TV,56871.450000000004,36669.54555703535,33033.658374693085,40356.735313966914,11479.301282051281,42127.0,34205.54643721201,True
TV,58451.2125,36957.59089803498,33203.98746655448,40705.671955388185,11479.301282051281,42127.0,34393.03835320813,True
TV,60030.975,37229.56557219481,33388.15480736269,41089.790442253085,11479.301282051281,42127.0,34570.627029388066,True
TV,61610.7375,37485.14212259668,33523.588447476606,41450.978219846926,11479.301282051281,42127.0,34739.02087162783,True
TV,63190.5,37712.91542471957,33658.3047408457,41815.1603490431,11479.301282051281,42127.0,34898.86548254294,True
Radio,0.0,0.0,0.0,0.0,3003.9679487179487,12938.0,0.0,True
Radio,485.175,672.4708085371096,150.57853791695564,1971.2884232798554,3003.9679487179487,12938.0,709.9345929025044,True
Radio,970.35,1294.4762946104502,428.9475491224816,2818.9169160732513,3003.9679487179487,12938.0,1425.3481424353874,True
Radio,1455.525,1866.0739931048379,770.2243508381572,3469.2912048313037,3003.9679487179487,12938.0,2087.1505283396705,True
Radio,1940.7,2393.812711624272,1148.798594751924,4027.2497228657485,3003.9679487179487,12938.0,2689.9292256278363,True
Radio,2425.875,2884.3513572564834,1526.9516858930633,4495.485057637282,3003.9679487179487,12938.0,3236.4502841130106,True
Radio,2911.05,3346.10358915867,1932.3026316409157,4897.198035672539,3003.9679487179487,12938.0,3731.686733746662,True
Radio,3396.225,3783.595425085518,2334.9634869628153,5271.195777191997,3003.9679487179487,12938.0,4181.004831100495,True
Radio,3881.4,4182.495685549098,2750.474981731455,5608.717587772511,3003.9679487179487,12938.0,4589.519601996867,True
Radio,4366.575,4562.029999082088,3128.8090050297474,5951.758086734172,3003.9679487179487,12938.0,4961.873642886196,True
Radio,4851.75,4911.815718344533,3495.450330880341,6283.250672708619,3003.9679487179487,12938.0,5302.1860327615095,True
Radio,5336.925,5248.906535323091,3843.9493163771526,6640.910761653143,3003.9679487179487,12938.0,5614.0711316068855,True
Radio,5822.1,5566.037698094677,4164.019731380139,6965.693989857589,3003.9679487179487,12938.0,5900.684194174812,True
Radio,6307.275000000001,5862.5376731105425,4485.461184039876,7296.780728075408,3003.9679487179487,12938.0,6164.7746152131685,True
Radio,6792.45,6135.508150743344,4777.635307616254,7663.141501937772,3003.9679487179487,12938.0,6408.738315039463,True
Radio,7277.625,6402.251471621485,5034.850995589543,7947.233986272374,3003.9679487179487,12938.0,6634.665750631355,True
Radio,7762.8,6668.631155521811,5262.960173641137,8286.781553305702,3003.9679487179487,12938.0,6844.384385393867,True
Radio,8247.975,6922.944375368289,5509.39116651217,8598.065007150308,3003.9679487179487,12938.0,7039.495542754012,True
Radio,8733.15,7166.02600249254,5690.706343229655,8936.485543519733,3003.9679487179487,12938.0,7221.406047448998,True
Radio,9218.325,7401.053170301833,5882.553402607762,9260.128580979506,3003.9679487179487,12938.0,7391.355236256106,True
Radio,9703.5,7613.422577700092,6042.152649916207,9569.61316113877,3003.9679487179487,12938.0,7550.437952630825,True
Radio,10188.675000000001,7819.259669184032,6215.157682364967,9888.800851759042,3003.9679487179487,12938.0,7699.624105848939,True
Radio,10673.85,8028.654397880671,6365.447076214055,10152.598117063115,3003.9679487179487,12938.0,7839.775314462486,True
Radio,11159.025,8223.240831871753,6474.116448449349,10444.542213996963,3003.9679487179487,12938.0,7971.6590858902,True
Radio,11644.2,8395.26521349393,6581.378284980538,10752.284302195547,3003.9679487179487,12938.0,8095.960918150438,True
Radio,12129.375,8588.090961200855,6694.009249919485,11026.572726883147,3003.9679487179487,12938.0,8213.294650152462,True
Radio,12614.550000000001,8766.693355139638,6812.261604784654,11313.68036572283,3003.9679487179487,12938.0,8324.211334918504,True
Radio,13099.725,8941.38588917848,6913.953052222973,11612.059965761004,3003.9679487179487,12938.0,8429.206865609513,True
Radio,13584.9,9097.971323040478,7023.308793400046,11896.915056148116,3003.9679487179487,12938.0,8528.728546664108,True
Radio,14070.075,9250.670126567577,7119.440313974603,12153.44630679911,3003.9679487179487,12938.0,8623.18077089838,True
Radio,14555.25,9400.303215620184,7194.029771313083,12422.13955031376,3003.9679487179487,12938.0,8712.929937183892,True
Radio,15040.425000000001,9549.451050839973,7263.088973427796,12691.7463769371,3003.9679487179487,12938.0,8798.308721506903,True
Radio,15525.6,9697.777113892344,7342.569544101322,12921.224706389796,3003.9679487179487,12938.0,8879.619796088236,True
Radio,16010.775,9839.421991570876,7424.675012333214,13181.317326801363,3003.9679487179487,12938.0,8957.139076186204,True
Radio,16495.95,9960.410108126132,7472.550378349672,13416.310105642413,3003.9679487179487,12938.0,9031.118561686542,True
Radio,16981.125,10106.215343361906,7538.134481789181,13626.898746313636,3003.9679487179487,12938.0,9101.78883016251,True
Radio,17466.3,10230.832913105249,7614.69391778512,13866.957068024185,3003.9679487179487,12938.0,9169.3612293998,True
Radio,17951.475000000002,10336.942532487255,7679.136745633545,14086.402569039246,3003.9679487179487,12938.0,9234.029810123055,True
Radio,18436.65,10457.637703609114,7745.972058237276,14369.149563478311,3003.9679487179487,12938.0,9295.973033585504,True
Radio,18921.825,10563.032726730205,7784.868854734229,14577.878999125714,3003.9679487179487,12938.0,9355.35528358675,True
Radio,19407.0,10675.916476669969,7823.272708490989,14787.27343148209,3003.9679487179487,12938.0,9412.328208198482,True
Print,0.0,0.0,0.0,0.0,2454.519230769231,10066.0,0.0,True
Print,377.475,754.6240176632998,181.63722202860197,1996.7939088202152,2454.519230769231,10066.0,583.375943412724,True
Print,754.95,1538.4625298308938,577.1485119149918,3050.771762181269,2454.519230769231,10066.0,1260.7286614681266,True
Print,1132.4250000000002,2272.859254128688,1080.7674240485933,3848.6060261017637,2454.519230769231,10066.0,1924.1466149952598,True
Print,1509.9,2979.6014655562963,1689.0966726755748,4588.047837891529,2454.519230769231,10066.0,2548.9571644663447,True
Print,1887.375,3642.3416853563326,2307.543164690988,5194.460637035072,2454.519230769231,10066.0,3127.625184962429,True
Print,2264.8500000000004,4256.970347096218,2917.4070805118113,5713.938660404642,2454.519230769231,10066.0,3659.281268123977,True
Print,2642.3250000000003,4838.890915348293,3466.769387097695,6198.168936701411,2454.519230769231,10066.0,4145.937913208099,True
Print,3019.8,5370.025923473257,3996.7972392094016,6729.173717774551,2454.519230769231,10066.0,4590.811392322225,True
Print,3397.275,5868.829279205607,4502.7409237925995,7194.670736501255,2454.519230769231,10066.0,4997.514383676598,True
Print,3774.75,6334.6044962880205,4945.134819925151,7670.078328475994,2454.519230769231,10066.0,5369.658823357313,True
Print,4152.225,6755.305833971445,5332.76319861,8123.311438178823,2454.519230769231,10066.0,5710.665564376343,True
Print,4529.700000000001,7135.535198904894,5711.198094341899,8613.353398820605,2454.519230769231,10066.0,6023.681812319097,True
Print,4907.175,7512.87174392539,6059.626375791266,9068.16818554563,2454.519230769231,10066.0,6311.555214032403,True
Print,5284.650000000001,7853.0021908001145,6360.185955187129,9437.321043437176,2454.519230769231,10066.0,6576.837261915888,True
Print,5662.125,8177.144396683903,6644.66932227472,9858.24889889655,2454.519230769231,10066.0,6821.80111535648,True
Print,6039.6,8487.150041430126,6883.91075707826,10249.883332965841,2454.519230769231,10066.0,7048.465675540107,True
Print,6417.075000000001,8779.016898385153,7083.787206534918,10598.94390734897,2454.519230769231,10066.0,7258.621479895802,True
Print,6794.55,9047.900683542357,7270.831927557499,10985.112657007448,2454.519230769231,10066.0,7453.85607597797,True
Print,7172.025000000001,9298.513241573306,7454.0808455513725,11349.706302323695,2454.519230769231,10066.0,7635.5777152303945,True
Print,7549.5,9551.720942740605,7618.823773485337,11680.246303932781,2454.519230769231,10066.0,7805.036869853044,True
Print,7926.975,9776.436921344008,7766.543356435226,12027.714935187152,2454.519230769231,10066.0,7963.345441883118,True
Print,8304.45,10001.293393745116,7899.41996264251,12327.65293678644,2454.519230769231,10066.0,8111.493728485126,True
Print,8681.925000000001,10209.255593110778,8001.1124846533,12676.030301379651,2454.519230769231,10066.0,8250.365303999319,True
Print,9059.400000000001,10415.550975108232,8131.616081458829,12976.859740376894,2454.519230769231,10066.0,8380.750019867992,True
Print,9436.875,10601.740771715802,8233.808989849527,13303.15975460506,2454.519230769231,10066.0,8503.355332935262,True
Print,9814.35,10788.628530462403,8333.426680120778,13593.461647101138,2454.519230769231,10066.0,8618.816165313743,True
Print,10191.825,10957.903403427146,8406.856661611888,13932.303702958403,2454.519230769231,10066.0,8727.70348348258,True
Print,10569.300000000001,11120.595934356032,8480.390737513068,14204.14054456159,2454.519230769231,10066.0,8830.531765381993,True
Print,10946.775000000001,11278.250887216,8538.263044552717,14481.817715070827,2454.519230769231,10066.0,8927.765504719511,True
Print,11324.25,11425.605875705975,8606.041161230303,14773.256565855358,2454.519230769231,10066.0,9019.82488295821,True
Print,11701.725,11565.30103621981,8649.361673136951,15028.6850030944,2454.519230769231,10066.0,9107.090722229548,True
Print,12079.2,11699.7536233096,8716.643610861856,15292.530074146323,2454.519230769231,10066.0,9189.908816986297,True
Print,12456.675000000001,11828.790966394274,8772.421385158104,15550.48142401235,2454.519230769231,10066.0,9268.593728625805,True
Print,12834.150000000001,11967.946374637246,8826.939645395976,15775.08751726207,2454.519230769231,10066.0,9343.432115483944,True
Print,13211.625,12084.740414127817,8892.355984501508,15984.751316641221,2454.519230769231,10066.0,9414.685660375586,True
Print,13589.1,12190.627174226182,8966.07912177022,16246.011850785542,2454.519230769231,10066.0,9482.593649065187,True
Print,13966.575,12294.26334752642,9022.38140346869,16494.310640049516,2454.519230769231,10066.0,9547.375245515175,True
Print,14344.050000000001,12401.172732003059,9071.16061026272,16733.028467408858,2454.519230769231,10066.0,9609.231503314413,True
Print,14721.525000000001,12506.368251067874,9106.619983046055,16933.73297455354,2454.519230769231,10066.0,9668.347147181837,True
Print,15099.0,12617.476197962804,9127.493241114655,17132.668689829574,2454.519230769231,10066.0,9724.892153737701,True
Paid Search,0.0,0.0,0.0,0.0,7584.525641025641,17848.0,0.0,True
Paid Search,669.3,1914.0722072143794,49.54179496864069,12317.294501077835,7584.525641025641,17848.0,3981.991038660877,True
Paid Search,1338.6,3521.8360199503927,187.08752447881034,16634.98790297801,7584.525641025641,17848.0,6529.8824251254455,True
Paid Search,2007.8999999999999,5001.440652177223,411.82201583278083,19328.327358422037,7584.525641025641,17848.0,8435.311283478737,True
Paid Search,2677.2,6314.038564344894,724.5535079709077,21572.935586161304,7584.525641025641,17848.0,9937.260337478054,True
Paid Search,3346.5,7483.147258964527,1097.5734023344917,23382.034810819263,7584.525641025641,17848.0,11160.762576049725,True
Paid Search,4015.7999999999997,8493.77655489296,1528.7310861107728,24842.50358969683,7584.525641025641,17848.0,12181.230614110831,True
Paid Search,4685.099999999999,9413.922064987139,1973.019384358972,26038.96463169769,7584.525641025641,17848.0,13047.907756291646,True
Paid Search,5354.4,10181.606558047928,2464.85473731927,26979.541516938414,7584.525641025641,17848.0,13794.713127108727,True
Paid Search,6023.7,10878.663524891326,2972.313031549669,27942.419805728765,7584.525641025641,17848.0,14445.950055054469,True
Paid Search,6693.0,11541.495935060228,3550.7787571230365,28793.457808115505,7584.525641025641,17848.0,15019.576339049148,True
Paid Search,7362.299999999999,12220.097091669284,4034.0263532866743,29493.36543267278,7584.525641025641,17848.0,15529.195994770591,True
Paid Search,8031.599999999999,12793.224442385821,4414.513946374795,30073.223705628847,7584.525641025641,17848.0,15985.330713905352,True
Paid Search,8700.9,13373.44633407453,4906.326508215232,30607.797119374543,7584.525641025641,17848.0,16396.26264921082,True
Paid Search,9370.199999999999,13905.946143282341,5352.3004791294,31162.713258923297,7584.525641025641,17848.0,16768.61066500396,True
Paid Search,10039.5,14422.6047606186,5824.3650705343325,31685.018143775007,7584.525641025641,17848.0,17107.73479395979,True
Paid Search,10708.8,14911.629866993135,6254.246016148234,32222.04491744857,7584.525641025641,17848.0,17418.02656164236,True
Paid Search,11378.099999999999,15342.847105021558,6662.564355192166,32714.303739851402,7584.525641025641,17848.0,17703.12149495332,True
Paid Search,12047.4,15742.86504240122,7040.3660445673895,33160.336931708385,7584.525641025641,17848.0,17966.0573666618,True
Paid Search,12716.699999999999,16130.82159615,7410.78749674179,33592.19570174677,7584.525641025641,17848.0,18209.393843383237,True
Paid Search,13386.0,16520.154611566206,7677.067129869865,33996.0418058902,7584.525641025641,17848.0,18435.304194408607,True
Paid Search,14055.3,16871.67135079203,8015.367516738091,34375.99031007556,7584.525641025641,17848.0,18645.646455741706,True
Paid Search,14724.599999999999,17172.101954240123,8379.15432025628,34730.8769160036,7584.525641025641,17848.0,18842.01927132415,True
Paid Search,15393.9,17459.410307766782,8640.885649949552,35057.09833565024,7584.525641025641,17848.0,19025.806158525924,True
Paid Search,16063.199999999999,17794.301899576843,8871.574095103368,35390.64307327856,7584.525641025641,17848.0,19198.21092577893,True
Paid Search,16732.5,18113.388370980676,9117.505957961846,35698.28857356632,7584.525641025641,17848.0,19360.286254572482,True
Paid Search,17401.8,18417.269917448575,9286.775737161826,35987.072433549125,7584.525641025641,17848.0,19512.956948129155,True
Paid Search,18071.1,18694.303291604272,9511.981820252719,36258.402942718734,7584.525641025641,17848.0,19657.0389808952,True
Paid Search,18740.399999999998,18966.37325910748,9683.557444204165,36492.32975167092,7584.525641025641,17848.0,19793.25521383964,True
Paid Search,19409.699999999997,19189.37329172774,9883.673246633494,36770.12179806408,7584.525641025641,17848.0,19922.248441572232,True
Paid Search,20079.0,19420.829449449713,10055.703116027984,37012.69211097885,7584.525641025641,17848.0,20044.59228862153,True
Paid Search,20748.3,19715.276111679595,10209.471099378441,37241.13358850362,7584.525641025641,17848.0,20160.800360047226,True
Paid Search,21417.6,19930.743543676508,10308.53000376563,37460.760159635545,7584.525641025641,17848.0,20271.333966159647,True
Paid Search,22086.899999999998,20231.121471205326,10395.678251427444,37554.740629087784,7584.525641025641,17848.0,20376.608675540545,True
Paid Search,22756.199999999997,20458.88402123878,10516.44729998056,37665.472955880075,7584.525641025641,17848.0,20476.99989979956,True
Paid Search,23425.5,20645.878445401257,10617.059310240693,37851.01912581109,7584.525641025641,17848.0,20572.847673914952,True
Paid Search,24094.8,20852.833252601493,10733.618380445185,38095.86042664963,7584.525641025641,17848.0,20664.46076491801,True
Paid Search,24764.1,21062.15398458906,10831.302320579229,38333.42148729056,7584.525641025641,17848.0,20752.12021710077,True
Paid Search,25433.399999999998,21296.587657820914,10933.084028810286,38564.08291999404,7584.525641025641,17848.0,20836.082422371244,True
Paid Search,26102.699999999997,21453.056904349993,11015.575627685772,38783.14439718428,7584.525641025641,17848.0,20916.58178872944,True
Paid Search,26772.0,21601.76308613328,11099.3732024292,38946.45704169071,7584.525641025641,17848.0,20993.833067240546,True
Paid Social,0.0,0.0,0.0,0.0,6049.429487179487,13087.0,0.0,True
Paid Social,490.7625,2231.2006442535167,54.84782091194683,13419.441851933349,6049.429487179487,13087.0,1844.6192926790307,True
Paid Social,981.525,3910.159640386245,191.48963190419153,17379.13747558871,6049.429487179487,13087.0,3285.2377259972886,True
Paid Social,1472.2875,5325.863290734618,397.13884639311186,20224.46918942221,6049.429487179487,13087.0,4441.479399572128,True
Paid Social,1963.05,6383.985525335512,628.3820840604081,23159.45567956214,6049.429487179487,13087.0,5389.983617210166,True
Paid Social,2453.8125,7318.572223530373,887.9890969946015,25169.41401623092,6049.429487179487,13087.0,6182.120699971657,True
Paid Social,2944.575,8055.826839414478,1179.4085015479727,26765.36194329105,6049.429487179487,13087.0,6853.613310420004,True
Paid Social,3435.3375,8672.823014620455,1460.697247552637,28135.081177201067,6049.429487179487,13087.0,7430.072797466598,True
Paid Social,3926.1,9221.104406799599,1735.5300738124802,29000.82015382413,6049.429487179487,13087.0,7930.340286287553,True
Paid Social,4416.8625,9734.599701382213,2013.4908451825613,29712.32992728036,6049.429487179487,13087.0,8368.58509289507,True
Paid Social,4907.625,10148.827587529915,2262.445329498622,30503.638834492158,6049.429487179487,13087.0,8755.668217837974,True
Paid Social,5398.3875,10548.365192994828,2501.7699580928092,31101.99927328469,6049.429487179487,13087.0,9100.054644731981,True
Paid Social,5889.15,10949.484354888156,2745.315121816877,31613.44258250781,6049.429487179487,13087.0,9408.439528604826,True
Paid Social,6379.912499999999,11321.11911277425,2952.446932016806,32237.162757409205,6049.429487179487,13087.0,9686.18775722963,True
Paid Social,6870.675,11633.189941788765,3185.4354861795346,32670.50814880084,6049.429487179487,13087.0,9937.648706569245,True
Paid Social,7361.4375,11936.700911117226,3398.6501477413744,32984.81865951786,6049.429487179487,13087.0,10166.385664880916,True
Paid Social,7852.2,12223.35810919746,3570.1500094847142,33267.21404827494,6049.429487179487,13087.0,10375.345747960748,True
Paid Social,8342.9625,12466.678819919456,3734.760990716267,33533.06267571104,6049.429487179487,13087.0,10566.987567511087,True
Paid Social,8833.725,12717.548191981177,3888.610533414735,33714.332642899855,6049.429487179487,13087.0,10743.37841973937,True
Paid Social,9324.4875,12911.158967781972,4078.2639622778847,33823.87959931975,6049.429487179487,13087.0,10906.26915890401,True
Paid Social,9815.25,13112.588704912383,4220.893217058093,33980.32947756622,6049.429487179487,13087.0,11057.152513095885,True
Paid Social,10306.012499999999,13286.485239636771,4336.5291508503215,34144.19308693223,6049.429487179487,13087.0,11197.308962308993,True
Paid Social,10796.775,13476.71916707748,4487.695939978699,34257.3466965142,6049.429487179487,13087.0,11327.84316742762,True
Paid Social,11287.5375,13625.833009292135,4622.457091118616,34365.53033278939,6049.429487179487,13087.0,11449.713145275204,True
Paid Social,11778.3,13801.127229880945,4713.673626030822,34558.07998276977,6049.429487179487,13087.0,11563.75382077849,True
Paid Social,12269.0625,13935.887373103997,4846.160186800387,34721.29042326056,6049.429487179487,13087.0,11670.69618120925,True
Paid Social,12759.824999999999,14079.541409252,4995.610527760888,34933.76804772911,6049.429487179487,13087.0,11771.182961686241,True
Paid Social,13250.5875,14212.273097274889,5114.137904276564,35086.826905515954,6049.429487179487,13087.0,11865.781573332877,True
Paid Social,13741.35,14351.786865250457,5213.225953704608,35243.81469796705,6049.429487179487,13087.0,11954.9948234912,True
Paid Social,14232.1125,14485.174856830216,5294.304085129857,35275.436145262756,6049.429487179487,13087.0,12039.269855748997,True
Paid Social,14722.875,14589.657790740164,5392.159767455521,35362.868667027295,6049.429487179487,13087.0,12119.005645377034,True
Paid Social,15213.637499999999,14688.88534639269,5457.001433522536,35496.98802891608,6049.429487179487,13087.0,12194.559315365597,True
Paid Social,15704.4,14855.19644215676,5507.3415766037915,35624.4782722844,6049.429487179487,13087.0,12266.251484034909,True
Paid Social,16195.1625,14975.48058964191,5557.129466791383,35680.18579615971,6049.429487179487,13087.0,12334.37081313749,True
Paid Social,16685.925,15086.688163070992,5588.980448100774,35737.532493467785,6049.429487179487,13087.0,12399.177892516693,True
Paid Social,17176.6875,15165.155049966335,5659.73951163067,35804.18504148923,6049.429487179487,13087.0,12460.90857154948,True
Paid Social,17667.45,15267.5581167511,5732.202546871089,35913.98373156632,6049.429487179487,13087.0,12519.77682715679,True
Paid Social,18158.212499999998,15357.204141940409,5773.683347063381,36014.31474827009,6049.429487179487,13087.0,12575.977241889192,True
Paid Social,18648.975,15452.71650785947,5806.584591712274,36110.75190312376,6049.429487179487,13087.0,12629.68715256575,True
Paid Social,19139.7375,15528.422312322884,5881.243068260441,36193.30312341159,6049.429487179487,13087.0,12681.068519456112,True
Paid Social,19630.5,15626.77911800543,5912.341004545417,36269.382081495256,6049.429487179487,13087.0,12730.269557510646,True
